controller,finalized,trajectory,mode,seed,sensor_noise,ok,tracking,ce,chatter,est_rmse_vx,est_rmse_vy,est_rmse_psidot,est_rmse_psi,est_rmse_X,est_rmse_Y,est_rmse_pos,est_rmse_heading,ctrl_rmse_vx,ctrl_rmse_vy,ctrl_rmse_psidot,ctrl_rmse_psi,ctrl_rmse_pos,ctrl_rmse_heading,ctrl_pos_final,ctrl_head_final
asmc,true,octagon,pose,42,realistic,true,1.0341932740995057,48.81494336363904,0.5907900521230048,0.01980542713500135,0.03335556052178493,0.024972073616706413,0.013030558594562293,0.025867975766639194,0.023365258969693086,0.03485810518350439,0.013030558594562293,0.02248478510765079,0.02501522861577606,0.026273407146852355,0.00582813226054961,0.026981264808158933,0.00582813226054961,0.013461026992563173,0.018913778990778743
asmc,true,octagon,pose,43,realistic,true,0.8458117231320197,48.8348382565972,0.5910547834819118,0.019914655061557103,0.03283832381877471,0.0566480137870266,0.013106129958510779,0.02339622539864111,0.021622487361040655,0.0318577356788329,0.013106129958510779,0.021771420443301617,0.023557959952186493,0.02386633537591102,0.008915381598888364,0.0252570809188984,0.008915381598888364,0.012351699756323433,0.013225338799868806
asmc,true,octagon,pose,44,realistic,true,1.3886798889270227,48.73448574114613,0.5881017653458382,0.020006496884110152,0.032464918246481816,0.04478617339493408,0.011254702996796276,0.03151439818382002,0.024404440384208814,0.039858926269466424,0.011254702996796276,0.023381867912949793,0.023942864767416604,0.024247407706079502,0.010202246429307093,0.03441492673670699,0.010202246429307093,0.028222845933741806,0.018335433751670783
asmc,true,octagon,pose,45,realistic,true,0.3723420703139181,48.839101820181256,0.5886451793069076,0.020297294704178768,0.032372798397276865,0.061703191318840445,0.01246260209023265,0.02297412914388247,0.02249673536303382,0.03215452863772328,0.01246260209023265,0.022883618001182188,0.024070127302589582,0.025251003262988448,0.013104183184533652,0.025626271336268186,0.013104183184533652,0.001948498693611815,0.0037659277491982794
asmc,true,octagon,pose,46,realistic,true,0.9039863424999031,48.87660327880003,0.5927754870107471,0.01954376552026245,0.03234943493691834,0.02935718235169536,0.013288317116645541,0.022581913168999483,0.026760953740833683,0.03501558863551022,0.013288317116645541,0.0223233698936708,0.024785572696186094,0.024982261752213217,0.006908483565829983,0.03045641642685536,0.006908483565829983,0.017522295341461203,0.00969770303417821
asmc,true,spin_creep,pose,42,realistic,true,0.42821619357947965,45.623918091944624,0.6593415034130846,0.0056020408099117566,0.015767458248302543,0.017005655133225897,0.013517933968000849,0.024907609994882333,0.024599019143462623,0.03500715324726652,0.013517933968000849,0.013708345703633504,0.01574914127475322,0.02715649485899787,0.0043964870576050745,0.012228508696599099,0.0043964870576050745,0.012569768529244376,0.0010306064458678393
asmc,true,spin_creep,pose,43,realistic,true,0.5860084631915135,45.5265531968841,0.6646296699345983,0.005649024645141511,0.013954145319001666,0.0435810300763039,0.013219315618492848,0.024039278883992824,0.02132449795322591,0.032134423010527505,0.013219315618492848,0.012705943995037671,0.014389608952026072,0.027343733897615637,0.005371511213575514,0.008371535031675661,0.005371511213575514,0.009974424298665659,0.010472896453563214
asmc,true,spin_creep,pose,44,realistic,true,1.166628514763748,45.64260390306324,0.6599882580620763,0.0057411196501245924,0.01408877173281096,0.019372634987429766,0.010664174213063501,0.03047050614283814,0.023879851282250616,0.03871303452150378,0.010664174213063501,0.013918235519779167,0.015092857444898682,0.02625892880396775,0.0058176955714364514,0.025254622425550478,0.0058176955714364514,0.029185410628490914,0.01276508350227193
asmc,true,spin_creep,pose,45,realistic,true,0.9993669411235964,45.56179448897792,0.6657690271455605,0.005506913984662755,0.0148773751323651,0.060329852127192767,0.0115306676539691,0.02320677219644022,0.022796820898013746,0.03253074420964862,0.0115306676539691,0.013262991758246842,0.014730623644885702,0.026091174647139902,0.013335491754814804,0.006184054929442525,0.013335491754814804,0.008707058738758105,0.02710792620422416
asmc,true,spin_creep,pose,46,realistic,true,0.8686077088147488,45.564080506833385,0.6643244072463064,0.0058008751443587876,0.014169601592521276,0.021925392701174096,0.012809345107224694,0.02256775674959869,0.026532629624998444,0.03483222759925644,0.012809345107224694,0.013512963357148354,0.014265968778146081,0.027174927417512488,0.007141336097527022,0.016765251551484457,0.007141336097527022,0.016843196386193904,0.013884706187363672
asmc,true,coupled_vomega,pose,42,realistic,true,3.503276652593847,45.126773473216915,0.4952744400708976,0.04992757847248844,0.025519654312972675,0.017671939688642436,0.013745541307755528,0.025127198377992085,0.02355986176950564,0.034444784582359944,0.013745541307755528,0.12043679477541333,0.13334525217063314,0.026650749642486166,0.01493492859386785,0.385925805307653,0.01493492859386785,0.045856124000602995,0.006326581716346702
asmc,true,coupled_vomega,pose,43,realistic,true,3.617451021009817,45.07216983908031,0.5016959841586456,0.05055346405396049,0.02810688042512257,0.039067310220127556,0.013218055596968648,0.02409970033283206,0.0211627151059529,0.03207266853238178,0.013218055596968648,0.1224249472348006,0.13581429069968667,0.026875041040254292,0.0165153681345008,0.40327496178354433,0.0165153681345008,0.04356376201920385,0.009641916447097998
asmc,true,coupled_vomega,pose,44,realistic,true,4.475964453903403,45.45285327883442,0.4964446993166498,0.051270861429701824,0.024684351728077873,0.015650703565233206,0.010755589426472709,0.03048205979003443,0.02401080105130916,0.038803022255602504,0.010755589426472709,0.1235237624732674,0.13933055702390906,0.02578196002776994,0.019663872692441683,0.39908579098404023,0.019663872692441683,0.08259711826229964,0.006261026184813723
asmc,true,coupled_vomega,pose,45,realistic,true,4.081071554005063,45.79226570033237,0.4900522655897793,0.053153503520659555,0.02383479041923543,0.051931981060428144,0.011104595369672187,0.02192750916811428,0.021238652881261772,0.030526972246334303,0.011104595369672187,0.12771627192920076,0.14442758742915274,0.02536126987572522,0.024828247183072638,0.41561085132936193,0.024828247183072638,0.052011884477201564,0.015445620890977453
asmc,true,coupled_vomega,pose,46,realistic,true,3.078621428611161,45.216037554629594,0.502156903785263,0.05198713489315081,0.026335340950301454,0.020897514288794206,0.013050910543851758,0.02245631506837059,0.026650863974892625,0.034850461073824515,0.013050910543851758,0.12283680001471242,0.13775970308427016,0.027338807311935227,0.011570603083304348,0.403183805756877,0.011570603083304348,0.03013867540017085,0.0013187252937623126
asmc,true,spiral_orbit,pose,42,realistic,true,4.870186797446229,52.400126075603445,0.45881307710394836,0.01474969234926484,0.02195185854080163,0.009016798186312696,0.011299838308114719,0.024504867341321263,0.023095719758576185,0.03367344346190986,0.011299838308114719,0.1480656710323792,0.1550023865528533,0.06148941184288404,0.06731662356960169,0.12348280960067953,0.06731662356960169,0.12848020178482417,0.017854480119016358
asmc,true,spiral_orbit,pose,43,realistic,true,5.8163077233290945,52.48693419255906,0.46109871954974624,0.014706991033421156,0.021349463752256305,0.02014628873987692,0.01318098552537689,0.025264833824089918,0.022543154702029045,0.03386008936902696,0.01318098552537689,0.13950323386294142,0.14636423607673513,0.059098424894513904,0.08699764863417404,0.11480661009589953,0.08699764863417404,0.15297586175349995,0.03204229299683092
asmc,true,spiral_orbit,pose,44,realistic,true,4.701507045978289,52.264860755868554,0.4663832415346462,0.014563185339327323,0.020213111149793978,0.010835520173373078,0.010194326665983723,0.02937601553389239,0.02299397422133238,0.03730513555985,0.010194326665983723,0.14808308657252642,0.15352215335077068,0.06253978293348088,0.06832064005622258,0.126205402807871,0.06832064005622258,0.12687966121105795,0.01167703533185005
asmc,true,spiral_orbit,pose,45,realistic,true,4.550834002611374,52.49722079483713,0.47292974513971897,0.013355838310141628,0.01996348048841632,0.02581714334701544,0.011236664381559704,0.02324897755502804,0.022548635053771072,0.03238758867440352,0.011236664381559704,0.1535439803988949,0.15608738591122395,0.06239394642144439,0.05333849189489186,0.12493909039857895,0.05333849189489186,0.12820504674917851,0.006412252935472652
asmc,true,spiral_orbit,pose,46,realistic,true,7.207858719171011,52.297928250486535,0.45959547103598924,0.015731657706270396,0.021141392362520977,0.021061748677159826,0.01329454312613044,0.021246792555764015,0.02591548671680268,0.033511768763770815,0.01329454312613044,0.13763485357798866,0.14298721947569143,0.051871700340245845,0.09935293679508472,0.11380629024620649,0.09935293679508472,0.12496096175749415,0.11435834170252156
pid,true,octagon,pose,42,realistic,true,4.708379695706176,53.60709570847662,0.7571962094330396,0.038606305135277456,0.047454204967185415,0.025071405846481393,0.01303070689305822,0.02586925932091175,0.023364665099109803,0.03485865965590386,0.01303070689305822,0.1895593436903809,0.11066689381920106,0.1908292198265178,0.06912913303979189,0.1957423445272262,0.06912913303979189,0.11950920430948352,0.013763044492961733
pid,true,octagon,pose,43,realistic,true,3.5336782799964306,53.669412013209076,0.7534967304673561,0.04476004890633259,0.04870808490010903,0.057578658584681246,0.013104508449561179,0.023404268104862923,0.021623954157854515,0.03186463806393064,0.013104508449561179,0.1836561840222985,0.1075974605407725,0.17128097640532014,0.06539320607383048,0.20153663833515503,0.06539320607383048,0.05557992864473338,0.028615028841907836
pid,true,octagon,pose,44,realistic,true,2.915846965694097,53.41229668431348,0.7488162064853686,0.046371951077520276,0.051347752013120446,0.04464736274410774,0.011254562360495613,0.03151832847787262,0.024405582114974136,0.03986273282666181,0.011254562360495613,0.1680023336802476,0.11687323552853568,0.17456523790304995,0.06958644987668872,0.20785576287453403,0.06958644987668872,0.018796653278324783,0.043299273519194305
pid,true,octagon,pose,45,realistic,true,3.165239340106703,52.89315053967125,0.7539551982249623,0.03463169049937626,0.043076486383813596,0.0624188202805333,0.012462798967137484,0.022974145525727664,0.02249613164972033,0.0321541179608283,0.012462798967137484,0.17459961870844123,0.10730511826749625,0.20113547594542122,0.07700269726742627,0.19527731869473042,0.07700269726742627,0.046982745086609594,0.017400351761550293
pid,true,octagon,pose,46,realistic,true,8.84567344592537,53.78333672002152,0.7450702065270225,0.044199378761881146,0.04931596798311767,0.029369867366473058,0.01328908091944273,0.022586673617081127,0.02676275845008461,0.035020038048838895,0.01328908091944273,0.1860296569854043,0.12738222524543716,0.1997535659750814,0.06951245282463639,0.22843846917221966,0.06951245282463639,0.17825769000711755,0.10797291947733334
pid,true,spin_creep,pose,42,realistic,true,2.4541919770580947,51.15586779514311,0.7638211064167717,0.02137140979454693,0.026806073817054424,0.01706030524928222,0.013517938968762884,0.024907424588711143,0.024591278202074286,0.03500158229643549,0.013517938968762884,0.07141438984742586,0.04991764643064211,0.1884368065905095,0.09264379029189551,0.04716407770349938,0.09264379029189551,0.017027353343658548,0.0424361879635953
pid,true,spin_creep,pose,43,realistic,true,4.7771064079577386,51.33868841462786,0.7659323871499979,0.017772893620219183,0.021133132719711793,0.043482743447643614,0.01321931317603544,0.024041594353372192,0.021327076426673617,0.03213786626335475,0.01321931317603544,0.08521187909005248,0.05286885393066294,0.202119446251444,0.10708597528473142,0.04818694358003266,0.10708597528473142,0.112281795849689,0.03515807547507604
pid,true,spin_creep,pose,44,realistic,true,8.701398056453826,54.069256291725914,0.7648120174497504,0.047498036062704946,0.054444809573777966,0.019357329252197224,0.010663801068572194,0.030489945479136325,0.023825143561263057,0.03869462806431275,0.010663801068572194,0.09224018078902894,0.0624860336128478,0.19837605594321922,0.10418028550005762,0.07968594373227049,0.10418028550005762,0.10878817635408007,0.19789548812014676
pid,true,spin_creep,pose,45,realistic,true,3.8531817166980744,51.60389780659475,0.7601250723433457,0.015337632936181195,0.022775632448629353,0.06037647577264129,0.011530489790338829,0.02320935669988972,0.022795864836975713,0.032531918051175245,0.011530489790338829,0.08574899755619965,0.05523924832932835,0.24159966793362173,0.11295138818069154,0.060859290535998777,0.11295138818069154,0.08012777811164656,0.024023931692036368
pid,true,spin_creep,pose,46,realistic,true,4.364691676365389,50.9717980765883,0.7649938623528263,0.01667409889578549,0.0220250268779658,0.021924396852342168,0.012809161188115122,0.022569275834180603,0.02653472652869276,0.03483480907988215,0.012809161188115122,0.07118028806230431,0.05187111574881266,0.2203526493898538,0.10889207542744703,0.06348756811190069,0.10889207542744703,0.11456432925651994,0.016617103120354686
pid,true,coupled_vomega,pose,42,realistic,true,4.237871478352517,47.40922981516134,0.6906847379369279,0.06740789132785159,0.04027087903850489,0.017494315304328472,0.01374532907457776,0.02515285776216935,0.02356207594515283,0.0344650210568494,0.01374532907457776,0.16305325345724994,0.13876592109578034,0.20865076686262143,0.14383319387790247,0.32702590712697405,0.14383319387790247,0.0063022028119296865,0.05062618194531332
pid,true,coupled_vomega,pose,43,realistic,true,6.347857652844617,51.847958173050365,0.6285201980211481,0.10052140083021785,0.058576765739666255,0.03964408850969852,0.013222683472535883,0.02412127989975808,0.02118985498310631,0.03210679208839694,0.013222683472535883,0.21450155794941847,0.22815683210564605,0.2345768294279128,0.23294603314006684,0.5697949631090659,0.23294603314006684,0.02504249579546633,0.060498767744695314
pid,true,coupled_vomega,pose,44,realistic,true,4.848888219560303,49.429645679754366,0.6737133600632585,0.07853897711015707,0.057767858473303534,0.01581470342669233,0.010761382399409583,0.030583364364291814,0.02409900877379954,0.03893718530811776,0.010761382399409583,0.17242973643689813,0.1742423482672586,0.23947990185343895,0.17004768298213876,0.40248455206357814,0.17004768298213876,0.02299817071044111,0.03205439368071961
pid,true,coupled_vomega,pose,45,realistic,true,6.362606014990953,48.908228857724175,0.6655816802532442,0.07491225300178393,0.0464923584387332,0.052299666635436975,0.011141729516292874,0.022482295530040844,0.022162870970990525,0.03156970798054472,0.011141729516292874,0.17161265999441552,0.17335851981729494,0.29942879866716676,0.19691217807275146,0.4197908479206396,0.19691217807275146,0.008812767961490636,0.0927696298851579
pid,true,coupled_vomega,pose,46,realistic,true,4.482485242105979,48.13298175940069,0.6832062076037889,0.06939529678634097,0.04543578156238998,0.020907405721174353,0.013055036358097608,0.022471055171066238,0.026628322362682623,0.03484273055247029,0.013055036358097608,0.16227643380787188,0.15517861657587406,0.2128149383604117,0.1468517791077195,0.38200240931187684,0.1468517791077195,0.053017078508606645,0.003631400653423711
pid,true,spiral_orbit,pose,42,realistic,true,7.830669120461213,55.23052336527811,0.742504743070955,0.022412209575385405,0.028638444218054993,0.009008308501330402,0.011299867308313246,0.02452619898722784,0.023094316935251512,0.03368800842238883,0.011299867308313246,0.1658858794040219,0.15881486951971915,0.1720771927288846,0.08689642565295283,0.12681351682238204,0.08689642565295283,0.17267274428417292,0.09619712961971416
pid,true,spiral_orbit,pose,43,realistic,true,5.710861978604019,54.23846244973094,0.7495779629395208,0.02990132515756832,0.02742161856618779,0.02009609225554365,0.013180650971681635,0.025260273921998293,0.022546457466966735,0.0338588863213799,0.013180650971681635,0.1609504078977026,0.16179929503002924,0.1908341064860026,0.06655450468338762,0.12864192873257949,0.06655450468338762,0.17473469782195553,0.012843713030802562
pid,true,spiral_orbit,pose,44,realistic,true,5.99074444890828,54.98204686425334,0.7413599441287358,0.02722304062410823,0.03635830528774235,0.010784774085453456,0.010194091000572525,0.029446167516717102,0.02298923844416499,0.037357487411029656,0.010194091000572525,0.15759968560673718,0.1585239859648639,0.12214625073273101,0.06973629909408087,0.12936620686706923,0.06973629909408087,0.19115565548114094,0.0037262760704450675
pid,true,spiral_orbit,pose,45,realistic,true,5.783549066187534,54.845669889800526,0.7456848231034866,0.01985847842013975,0.02730792796229388,0.025764878025261298,0.011236453169266395,0.023245479160887716,0.022552726259114152,0.0323879261938427,0.011236453169266395,0.1630086735653186,0.15073591162778988,0.19773370776371912,0.0734023401050007,0.12427685640649756,0.0734023401050007,0.16328840419463836,0.021694668035316056
pid,true,spiral_orbit,pose,46,realistic,true,6.006709834872699,53.967383731066924,0.746819226060598,0.021460654347755997,0.019813212017881613,0.02096133676292577,0.013294526166613498,0.021238396236115214,0.025898423250305978,0.03349325008914814,0.013294526166613498,0.1647715159169424,0.16263301040387582,0.1254800828027792,0.06559798176424422,0.13117042060719405,0.06559798176424422,0.1653666214579573,0.03691845726694431
