stratum,quantity,bin_center,n,meas_rms,roller_rms,total_rms,roller_mag_frac,body_mag_frac,yaw_mag_frac,wheel_mag_frac,roller_energy_frac,meas_energy_frac,roller_over_total_median,meas_roller_align
psi<0.5,Vp_par,-0.28125,17810229,0.6686762504496647,0.007713886974475909,0.663745696661626,0.003259895351095016,0.30917360902304486,0.012865189313773319,0.6747013063120868,0.00013506508792088053,1.0149119363667236,0.005,-0.6425904018299988
psi<0.5,Vp_par,-0.24375,1512265,0.24951658944899519,0.008246137853826425,0.2437002297369226,0.0043597179115884436,0.3968536902719417,0.012346267798341675,0.5864403240181282,0.0011449573368551378,1.0483033507620334,0.015,-0.713646765440407
psi<0.5,Vp_par,-0.20625,1666584,0.21117353335399003,0.007961844316934549,0.20559616944479372,0.004430368195160153,0.40686511166188327,0.012374899953821378,0.5763296201891351,0.001499675597865211,1.0549914390353534,0.015,-0.7101122720305316
psi<0.5,Vp_par,-0.16875,2328263,0.17395023371257037,0.008090258093910029,0.1682407722187424,0.004493791031370048,0.42144495748557487,0.01277054338657836,0.5612907080964766,0.0023123962002880773,1.069024176286584,0.025,-0.7173933659034004
psi<0.5,Vp_par,-0.13124999999999998,3838826,0.13310447413793422,0.007302668288520688,0.12821931214045731,0.004645242451584343,0.42395449328647566,0.018039925295936253,0.5533603389660039,0.0032438163808209968,1.0776517104736838,0.015,-0.684111938752613
psi<0.5,Vp_par,-0.09375,42362525,0.0895535734307531,0.0027135622943505206,0.08843463427654445,0.0042067045434120735,0.3484209983606675,0.062158775769419555,0.585213521326501,0.0009415314334712742,1.0254655425087171,0.005,-0.42492505378048206
psi<0.5,Vp_par,-0.056249999999999994,111784688,0.05616258890789008,0.002398217238455275,0.05533003175712504,0.003283959716595939,0.42201863389257654,0.05748617912643787,0.5172112272643894,0.0018786903378529155,1.0303206383302985,0.005,-0.36593421735116566
psi<0.5,Vp_par,-0.01874999999999999,373425287,0.016751070618433207,0.002576531546962008,0.016105393184859092,0.0011618921611448849,0.4828736525039841,0.025972020107729338,0.4899924352271416,0.02559341653953676,1.081788786543842,0.045,-0.32267620754151805
psi<0.5,Vp_par,0.01874999999999999,378308114,0.016580556211569352,0.0025213909817165905,0.015958116728409653,0.0011565009348285652,0.48423072488273283,0.02592838383911452,0.488684390343324,0.024964169080789418,1.0795304967619272,0.045,-0.31826443497427453
psi<0.5,Vp_par,0.056249999999999994,111185979,0.056152995910319886,0.002331184790672398,0.055344876579448435,0.00331900345224464,0.42972291086619274,0.05879273811143098,0.5081653475701317,0.001774183579197609,1.029416244701594,0.005,-0.36491906727737183
psi<0.5,Vp_par,0.09375,41514195,0.08935479553243017,0.0024695676477555907,0.08835097614957155,0.004117037882709771,0.3442970704793676,0.06515849341780555,0.5864273982201172,0.0007813023845855564,1.022852536239198,0.005,-0.4180114539008562
psi<0.5,Vp_par,0.13124999999999998,3312873,0.1330098853132094,0.007129805223020064,0.12831189845525479,0.004626410150631498,0.41956576409237173,0.01772548438685474,0.5580823413701421,0.003087603111699648,1.0745681811808556,0.015,-0.6740872167050618
psi<0.5,Vp_par,0.16874999999999998,2545526,0.1750108586471001,0.008127858537465841,0.16924422536056924,0.004539420930065931,0.41558462206207314,0.015399001189038534,0.5644769558188225,0.0023063464918610817,1.0693066613366897,0.025,-0.7210219835475323
psi<0.5,Vp_par,0.20625000000000002,2611818,0.2119474877474695,0.008002816806923857,0.2063126094346309,0.004421856758387748,0.3981688334655761,0.017968184320666592,0.5794411254553695,0.0015046455568082308,1.0553706257680948,0.015,-0.7136312854903923
psi<0.5,Vp_par,0.24375000000000002,2101353,0.248586657064271,0.007897775292011524,0.2430605650350097,0.004150694724929822,0.39106398767010814,0.014656133315242834,0.5901291842897193,0.0010557972821254617,1.0459878066274924,0.015,-0.7078105120398921
psi<0.5,Vp_par,0.28125,19124631,0.680540493868429,0.008009835366092913,0.6754519310683967,0.003299772420550431,0.30948033526411595,0.012917083077960162,0.6743028092373735,0.0001406236234223316,1.0151238898908372,0.005,-0.6387991148926829
0.5<=psi<2,Vp_par,-0.28125,1357332,0.8912908595802852,0.007930619883226403,0.8864611644163742,0.0026629714856868368,0.23841932235461794,0.10190979755660144,0.6570079086030938,8.003774439440908e-05,1.0109262585703338,0.005,-0.6117923554164576
0.5<=psi<2,Vp_par,-0.24375,112681,0.24631328481235407,0.006602283565006853,0.24162027066707883,0.0054646389459367326,0.1347792027254447,0.28813245754549593,0.5716237007831226,0.0007466578119556564,1.0392234523082855,0.015,-0.7174474114237385
0.5<=psi<2,Vp_par,-0.20625,144760,0.21246092321695995,0.0072283721790870935,0.2072281270840262,0.00591762190458618,0.13249931708747478,0.30053125238049877,0.5610518086274402,0.0012167002789610273,1.0511403916897055,0.015,-0.7320206878452264
0.5<=psi<2,Vp_par,-0.16875,273943,0.1711071938156113,0.00496079570365007,0.16768438794431717,0.0038690852016769533,0.1371658852128614,0.3012963909716811,0.5576686386137806,0.0008752203850285664,1.041241040963639,0.015,-0.6975662582210381
0.5<=psi<2,Vp_par,-0.13124999999999998,996269,0.1275910062734524,0.004772172769720425,0.12509801944847687,0.003463453252347129,0.1357212227739737,0.342631996283949,0.5181833276897302,0.0014552293611292339,1.0402536713296149,0.015,-0.5359982785192717
0.5<=psi<2,Vp_par,-0.09375,8413501,0.09118628726985172,0.0037627647355836487,0.0899708922224771,0.0031369191163254585,0.053632645380737476,0.44301121952980044,0.5002192159731366,0.0017490816187127264,1.0272000033829947,0.015,-0.3414855269283252
0.5<=psi<2,Vp_par,-0.056249999999999994,17338756,0.05692991349230056,0.003604060579206765,0.05613408677667161,0.003074451791398659,0.10285188762430823,0.41555484206241877,0.47851881852187433,0.004122216916108688,1.0285554848013538,0.025,-0.2509240137030513
0.5<=psi<2,Vp_par,-0.01874999999999999,41607696,0.017248357237047908,0.0033250348145204855,0.016595116466011615,0.001788268109457606,0.3384414245641367,0.21379655226545416,0.44597375506095155,0.04014502978537053,1.0802763478491069,0.115,-0.2891280782680336
0.5<=psi<2,Vp_par,0.01874999999999999,40824779,0.01734012635770541,0.003318973691965307,0.016744030337498987,0.0018585960971740532,0.34316950805284413,0.2160270719511043,0.43894482389887773,0.03929050542454037,1.0724684164033,0.125,-0.2722175646207454
0.5<=psi<2,Vp_par,0.056249999999999994,17337120,0.05709733332243861,0.003667303666571253,0.056284234685377486,0.003126883785096962,0.09934616920129781,0.4238647187745011,0.47366222823910403,0.004245415633999801,1.0291012846803214,0.025,-0.25225146854327823
0.5<=psi<2,Vp_par,0.09375,8982053,0.09135118747213604,0.0038642452102462897,0.09006492409567404,0.003221307904620978,0.049770959549006594,0.4460279367979401,0.5009797957484322,0.0018408482114209677,1.0287669874366623,0.015,-0.35166984120405315
0.5<=psi<2,Vp_par,0.13124999999999998,1025687,0.12709761174983053,0.004807283116869824,0.12463760131914749,0.0036161689539434974,0.0894429334107521,0.3731889492586427,0.5337519483766617,0.0014876516053196225,1.039864172501009,0.015,-0.5256852009101435
0.5<=psi<2,Vp_par,0.16874999999999998,291919,0.17388010120839315,0.006926202513433437,0.16935999059264695,0.0032033096602755453,0.2835681443417708,0.2066283248445184,0.5066002211534352,0.0016725100244878207,1.0540910523304687,0.015,-0.6640443506337592
0.5<=psi<2,Vp_par,0.20625000000000002,207888,0.2129847750222981,0.008220606916811007,0.20720733446132727,0.0030969320364331726,0.310708470189532,0.13768711951620236,0.5485074782578325,0.0015739738631903974,1.0565422557969306,0.015,-0.7125662391011016
0.5<=psi<2,Vp_par,0.24375000000000002,178096,0.24781476924009146,0.007651960997823696,0.24250177345364787,0.0026058672004972178,0.33003646747285664,0.11838784243039352,0.5489698228962527,0.0009956705402561958,1.0442982101939369,0.015,-0.7023271234808173
0.5<=psi<2,Vp_par,0.28125,1187396,0.6809163898322169,0.008094998761072808,0.6761689627457619,0.002874754855608784,0.2581671490355027,0.11096152515082733,0.6279965709580612,0.00014332538238126999,1.0140914278796964,0.005,-0.5903639606245487
psi>=2,Vp_par,-0.28125,98422,0.37846465015513936,0.00435337092832036,0.37530467894527736,0.001974383357832847,0.011644853006098134,0.37818856845879967,0.6081921951772694,0.00013454990263154714,1.016910390251774,0.005,-0.7285887293527981
psi>=2,Vp_par,-0.24375,36272,0.2450531269140801,0.004609850579225941,0.241647440822127,0.0021804543189897856,0.01380561948957638,0.40978969403619653,0.5742242321552372,0.0003639228267348457,1.0283858607833916,0.015,-0.7430565854583885
psi>=2,Vp_par,-0.20625,123146,0.2075550603787101,0.004371633486345208,0.20436202601237727,0.002051209701058434,0.01864277828656807,0.41566472353071227,0.5636412884816612,0.00045760113060611926,1.0314929251266085,0.015,-0.7353114843311112
psi>=2,Vp_par,-0.16875,235311,0.16952068795429368,0.0047067879529270095,0.16615792396312548,0.002262217179916463,0.017844365559786794,0.430686351856885,0.5492070654034117,0.0008024299902163873,1.0408863125558871,0.015,-0.7212462620048566
psi>=2,Vp_par,-0.13124999999999998,1412093,0.1283408752679047,0.00781989498426917,0.1252639751455812,0.0032263179234510433,0.011594234618325549,0.46249600471029156,0.5226834427479319,0.0038971710034025006,1.0497300133153595,0.025,-0.41921948571048834
psi>=2,Vp_par,-0.09375,7830222,0.09256094253077171,0.007345179007851994,0.09026329911048421,0.0029597096645280437,0.011259925491473572,0.47698857832532837,0.5087917865186699,0.0066218961112324655,1.051557755745755,0.035,-0.3486048103240006
psi>=2,Vp_par,-0.056249999999999994,16950407,0.05752183114136697,0.007324180802251598,0.05608668202151836,0.003103093182045867,0.01170367487960404,0.486221527826534,0.4989717041118162,0.017052914543538945,1.0518308591260717,0.065,-0.2571666653726796
psi>=2,Vp_par,-0.01874999999999999,19872622,0.02291319202373071,0.007419127778965063,0.021560379272921305,0.003269492556658081,0.01258946282741988,0.4899365471715662,0.4942044974443558,0.11841123459413844,1.129427600789606,0.195,-0.3388548538489298
psi>=2,Vp_par,0.01874999999999999,20551428,0.022868202034768317,0.007366909401385814,0.021616141471348972,0.003270007633283447,0.012726232180743709,0.4901478404290678,0.493855919756905,0.11614868836309232,1.119199977738556,0.185,-0.32637790034806885
psi>=2,Vp_par,0.056249999999999994,18651041,0.05779448710976987,0.007343871536727798,0.056553643034967196,0.003180963424397467,0.011537858023135823,0.4871896328226422,0.4980915457298245,0.01686277208341196,1.0443634289113743,0.065,-0.23068375090391588
psi>=2,Vp_par,0.09375,10048166,0.09296328978639418,0.0072383582952357675,0.09087676752165083,0.0029583859958043223,0.010981137081476192,0.47711409589427267,0.5089463810284468,0.0063441641532698675,1.0464469743458833,0.035,-0.3239553923479585
psi>=2,Vp_par,0.13124999999999998,2236939,0.1275093246275483,0.008065901329036127,0.1249239836949365,0.0033329757590459413,0.011332721977233092,0.46471747252130885,0.5206168297424122,0.004168829754806585,1.0418189217977722,0.025,-0.3489064357812878
psi>=2,Vp_par,0.16874999999999998,272586,0.16968972380640662,0.0050807057967516365,0.16618014755988111,0.002412253128017388,0.017419516933440893,0.43069151478164996,0.5494767151568918,0.000934737818740864,1.0426842298071084,0.015,-0.6985927547402819
psi>=2,Vp_par,0.20625000000000002,118906,0.2064847866095003,0.004560480568909132,0.20321520295802775,0.0020985949571380286,0.01795699026045189,0.41708830837220034,0.5628561064102097,0.0005036267954323464,1.0324373984388129,0.015,-0.7223053603392211
psi>=2,Vp_par,0.24375000000000002,44588,0.24705402108494828,0.004785037017812115,0.24348859005970125,0.0022778840036690767,0.013793811959175636,0.4113628732611415,0.5725654307760137,0.0003862009822824674,1.0295006474816752,0.015,-0.7494283653737154
psi>=2,Vp_par,0.28125,245051,0.3749635864181343,0.004468401764752365,0.3716829155308169,0.002023012318866792,0.010811633384249304,0.38094609451968936,0.6062192597771945,0.00014453040879481793,1.0177309702532127,0.005,-0.7369399626307571
psi<0.5,Vp_perp,-0.28125,15551662,1.721535559284958,1.0701294776750898,0.7255035008896034,0.37704878077830545,0.18909729007431336,0.0013618131355690214,0.43249211601181226,2.1756730371052084,5.6305778892585705,0.375,-0.9723097941673254
psi<0.5,Vp_perp,-0.24375,1839689,1.3850993842404584,1.1538224982614491,0.2435399551728791,0.44905767425926807,0.21215603616428597,0.0013817933436239198,0.33740449623282215,22.44592784047937,32.34606305913211,0.445,-0.9981783062917865
psi<0.5,Vp_perp,-0.20625,2152286,1.3340175323208054,1.1386669599113353,0.20588947819643244,0.4558205634486319,0.21811670253100385,0.001428951055982945,0.3246337829643812,30.586172420229055,41.98119230410375,0.455,-0.9986080887451569
psi<0.5,Vp_perp,-0.16875,2648242,1.2840959039358886,1.1244937626555742,0.16851136655728707,0.4628002530397564,0.2228827612793885,0.0014342333254460137,0.3128827523554092,44.5303081589298,58.06795347237689,0.465,-0.9989877692105549
psi<0.5,Vp_perp,-0.13124999999999998,3006733,1.2353219787879137,1.1116989403918631,0.13120170365697245,0.46981062601679835,0.22355586588002832,0.0012668579701746495,0.3053666501329987,71.79520412894938,88.65054054958918,0.465,-0.9992968678391514
psi<0.5,Vp_perp,-0.09375,3978110,1.1461485069738382,1.0592711364803082,0.09306341363873377,0.47641452291926684,0.22828302621883834,0.0010244745696758471,0.294277976292219,129.5556386898524,151.6784313311723,0.475,-0.9995415789768316
psi<0.5,Vp_perp,-0.056249999999999994,7991573,1.0452091555231728,0.9951685047572334,0.05425670614403265,0.4819754667953922,0.22645654713452404,0.0007946029604728468,0.2907733831096109,336.4235555167764,371.1073544031839,0.485,-0.9997886268665379
psi<0.5,Vp_perp,-0.01874999999999999,473057620,0.3025773503131147,0.2979029988334227,0.00668988896731093,0.2096820327241707,0.3857542197486338,0.005527334091488928,0.3990364134357066,1982.9507619210574,2045.6673386697535,0.495,-0.9998729455126985
psi<0.5,Vp_perp,0.01874999999999999,559804064,0.3050736781614307,0.3001674737120967,0.006850545922302981,0.18089556327017275,0.40152018649430876,0.005506563839260288,0.41207768639625814,1919.8924304285636,1983.166202718289,0.495,-0.999875186525563
psi<0.5,Vp_perp,0.056249999999999994,10751962,1.0218221694172733,0.9718393571660849,0.054127831348701895,0.48090396653958833,0.22971678679052712,0.002491929356562992,0.2868873173133215,322.3648724576019,356.3767699287346,0.485,-0.9997827189418739
psi<0.5,Vp_perp,0.09375,5018235,1.1274090256790426,1.0405706559874266,0.09280117384714616,0.47459902488682376,0.23322142644412688,0.002367197260044616,0.2898123514090047,125.72921672993385,147.58970860992187,0.475,-0.999543469906421
psi<0.5,Vp_perp,0.13124999999999998,3199359,1.1900543403311452,1.067508879425188,0.13050273680409674,0.46740154187595684,0.22151638796447815,0.0020554485425998427,0.30902662161696504,66.91196027917928,83.15614470697268,0.465,-0.9992074998001211
psi<0.5,Vp_perp,0.16874999999999998,2492119,1.2525253797753009,1.093027680952707,0.16868998653270625,0.4606045003048325,0.21714418388093065,0.0018643502286929462,0.32038696558554386,41.98399040440506,55.13082128973842,0.465,-0.998898211591872
psi<0.5,Vp_perp,0.20625000000000002,2163857,1.2965118202171129,1.1012449891259408,0.20616215483055428,0.4534448007297438,0.21163973897561636,0.002007831425010129,0.3329076288696297,28.533168486304653,39.54896034992987,0.455,-0.9984683538414213
psi<0.5,Vp_perp,0.24375000000000002,1949320,1.3293626563671601,1.0987342246919471,0.24361529506923152,0.44566567594753453,0.20803542004648462,0.002166260932509313,0.34413264307347147,20.34118278815753,29.776787833710365,0.445,-0.9978916643899759
psi<0.5,Vp_perp,0.28125,19828325,1.6988979339630297,1.0643305804190992,0.7048395609058102,0.3776059558798956,0.18930796325755342,0.002243106638792352,0.43084297422375867,2.2801978775414624,5.809704354309703,0.385,-0.9739731081269148
0.5<=psi<2,Vp_perp,-0.28125,109038,0.9786231811000251,0.5395068097516347,0.4494089362940178,0.3531911280427526,0.01255783812045423,0.06743532399700815,0.5668157098397849,1.4411542066356446,4.741847578244474,0.365,-0.9913393399297508
0.5<=psi<2,Vp_perp,-0.24375,22982,0.7865100373673718,0.5449064406434142,0.24264869023311547,0.4037323361330437,0.015193028438987025,0.07457114469776138,0.506503490730208,5.042988519725442,10.50636866505961,0.405,-0.9994095669974501
0.5<=psi<2,Vp_perp,-0.20625,34194,0.7497263343485782,0.5455177740887593,0.20533205465699433,0.41512653779221487,0.015531001096783258,0.07608020100531493,0.4932622601056869,7.058368122465323,13.331899334675295,0.425,-0.999437495213749
0.5<=psi<2,Vp_perp,-0.16875,58179,0.7125916223550173,0.5468634993804729,0.16696439379489106,0.42809631362038014,0.0170001477978861,0.07750003989547626,0.4774034986862576,10.727787058216233,18.215189529850015,0.435,-0.9994722758050114
0.5<=psi<2,Vp_perp,-0.13124999999999998,152608,0.6671586579738867,0.5403289363129141,0.1280435152822557,0.44205776283149056,0.017700598280449523,0.07938060580330386,0.460861033084756,17.80743118141856,27.14832724112494,0.445,-0.9995709066960121
0.5<=psi<2,Vp_perp,-0.09375,561733,0.6160220910987405,0.5273566215896764,0.08998704692144216,0.4552621309535488,0.017641851491681737,0.0813162557984202,0.44577976175634926,34.3438364303973,46.863268284696666,0.465,-0.999636611600237
0.5<=psi<2,Vp_perp,-0.056249999999999994,4121172,0.5652640215050204,0.5168240257267358,0.05028629158672216,0.4696428531129655,0.018507633457281458,0.0832894654794698,0.4285600479502833,105.62973021813906,126.35821121901202,0.475,-0.9996880319954374
0.5<=psi<2,Vp_perp,-0.01874999999999999,55121299,0.3849619676452019,0.37371258649040184,0.014179203697445615,0.3028798202392649,0.23439286884085395,0.05590396028568437,0.40682335063419683,694.6591598162154,737.1094307904167,0.495,-0.9997410726290481
0.5<=psi<2,Vp_perp,0.01874999999999999,68392277,0.4707043132289946,0.45985514086614815,0.014080902063081165,0.3312151086744698,0.2429644218833335,0.04925797260748392,0.3765624968347128,1066.549794157697,1117.4687839644976,0.495,-0.9998138944241808
0.5<=psi<2,Vp_perp,0.056249999999999994,6232796,0.7847426701235171,0.7378471590957149,0.05171751652594409,0.47239660465347877,0.10458249534551403,0.053099645374160245,0.369921254626847,203.54362047803716,230.2391705086546,0.475,-0.9995893816810724
0.5<=psi<2,Vp_perp,0.09375,1519659,1.0333758584665198,0.9496296040131417,0.09128966988577208,0.46581616904388407,0.18367986595261424,0.0347726219877309,0.3157313430157707,108.20945674341075,128.13664527264197,0.475,-0.999327251611369
0.5<=psi<2,Vp_perp,0.13124999999999998,602251,1.12542610847398,1.005561721693278,0.129379052415474,0.458501122633044,0.20211756955008725,0.028699717929810274,0.31068158988705846,60.407315171895235,75.66691713282644,0.465,-0.998952240634363
0.5<=psi<2,Vp_perp,0.16874999999999998,338354,1.1419187837917524,0.9860211213232545,0.16796786863165142,0.45234610654871094,0.221024855738931,0.027484898995718293,0.29914413871663975,34.46037610383347,46.21873033345792,0.455,-0.9982640868773526
0.5<=psi<2,Vp_perp,0.20625000000000002,238455,1.194187336246028,1.0029835286807784,0.2051167109919524,0.4448812998505368,0.21406053941993344,0.025523569663074324,0.31553459106645537,23.910326899313628,33.89556165729289,0.445,-0.9976981974330322
0.5<=psi<2,Vp_perp,0.24375000000000002,180511,1.2942844607360269,1.0647228589065962,0.2441387804621539,0.4381017050069608,0.17286451345287385,0.02304649639000394,0.36598728515016155,19.019522731497823,28.105151612190816,0.445,-0.9974945779222134
0.5<=psi<2,Vp_perp,0.28125,2594368,1.8776677114810307,1.1119668110613667,0.8693053393852749,0.36737252965627626,0.14759597293493446,0.016070471345771796,0.46896102606301754,1.6362096729680238,4.665441864414329,0.385,-0.9594344639911193
psi>=2,Vp_perp,-0.28125,1034553,0.9583196561238821,0.624449995004326,0.34231899721023495,0.3908367746765895,0.013227025320001447,0.09034870729724061,0.5055874927061684,3.3276169700297413,7.837161378720293,0.405,-0.9952263298232414
psi>=2,Vp_perp,-0.24375,826554,0.9044089000251004,0.6631038928944599,0.24267152902518171,0.41819966362998384,0.01152602879217319,0.09313289329025365,0.4771414142875894,7.466644975909546,13.889672373736783,0.425,-0.9994486028707578
psi>=2,Vp_perp,-0.20625,1186755,0.913246256318655,0.7103707396925679,0.20553928723796983,0.43150695590999916,0.011946475888248877,0.09344817959768227,0.46309838860406966,11.944842745288113,19.741770952133756,0.435,-0.9991615149219528
psi>=2,Vp_perp,-0.16875,1875529,0.9526711246566847,0.7890543368169558,0.16708607095287556,0.4468418055927036,0.010803226401522066,0.09297970934437023,0.44937525866140404,22.301461706903844,32.50914223917376,0.445,-0.9992368713076765
psi>=2,Vp_perp,-0.13124999999999998,3590081,1.003072436198958,0.8769116809282593,0.1297007544417718,0.46070675185035403,0.010142713720847204,0.0925521315493927,0.43659840287940604,45.71162978298738,59.81079682273788,0.465,-0.9994851390292521
psi>=2,Vp_perp,-0.09375,7646934,1.062834391237449,0.9738226590382439,0.0918378785687168,0.4728633460716038,0.009581916054978847,0.09108138532902887,0.4264733525443885,112.43876452508042,133.93297372182715,0.475,-0.9997530910918317
psi>=2,Vp_perp,-0.056249999999999994,16119064,1.078827897676096,1.0258781910076684,0.055247558931423656,0.4823295948624886,0.00929619290112114,0.08998116783459491,0.4183930444017954,344.798531077918,381.30995986082,0.485,-0.9998876791382605
psi>=2,Vp_perp,-0.01874999999999999,17041243,1.0363696581884743,1.0159519834233588,0.023621369201583226,0.48888559723191255,0.010991253926244266,0.0912494141610615,0.4088737346807817,1849.8487893825957,1924.949071946154,0.495,-0.9999330005709735
psi>=2,Vp_perp,0.01874999999999999,16184223,1.0521062657534255,1.0319953952857155,0.02331223905715492,0.48914300407330463,0.010823768918247195,0.09042689471474959,0.4096063322936986,1959.6907517036154,2036.8133748360779,0.495,-0.9999359838963308
psi>=2,Vp_perp,0.056249999999999994,15209294,1.0847099027126028,1.0310574289847632,0.05590434979176544,0.48180635653014214,0.00946284910430441,0.08966610796256329,0.41906468640299016,340.153160243757,376.4748844421388,0.485,-0.9998897045847567
psi>=2,Vp_perp,0.09375,8156818,1.076202606164692,0.9874116450477386,0.09160123070213533,0.472980944865297,0.009252776215198632,0.08903273205186828,0.4287335468676361,116.19672088025919,138.033805558335,0.475,-0.9997614697635319
psi>=2,Vp_perp,0.13124999999999998,3390125,1.0616962441323199,0.9355554425678013,0.12938329844898078,0.4627021522966262,0.009580683996601322,0.08979445147214628,0.43792271223462614,52.2856632959742,67.3355054724065,0.465,-0.9995829274296245
psi>=2,Vp_perp,0.16874999999999998,1996973,1.0037402824063602,0.8395906822989878,0.1681289292650677,0.4492276000518936,0.010040898583484304,0.09126780575349545,0.44946369561112665,24.937351452625116,35.64165098622765,0.455,-0.9992154995731943
psi>=2,Vp_perp,0.20625000000000002,1539683,0.9495484021303671,0.7471658374714634,0.2056289456924564,0.43482038720789484,0.010033896446801865,0.09185668082067731,0.46328903552462597,13.20278391562581,21.32385481817303,0.435,-0.999066514023576
psi>=2,Vp_perp,0.24375000000000002,1062159,0.9283730670273193,0.6878876071428166,0.2426916791877711,0.42135277078081124,0.0097941571860617,0.09267083446878704,0.4761822375643401,8.033877355755351,14.633064679055828,0.425,-0.9991653871933504
psi>=2,Vp_perp,0.28125,1867212,1.0005226963355434,0.6473890380936719,0.36288286905937267,0.3915228090837783,0.01392596161026621,0.08890836501129368,0.5056428642946619,3.1827149914851005,7.601879069097383,0.395,-0.994611470972529
psi<0.5,wz,0.625,794839373,0.14162262525159408,0.491495745761618,0.4913362540208326,0.8036588842438382,0.0,0.19634111575616178,0.0,1.0006493216229724,0.08308213731999127,0.845,-0.14519908512180163
psi<0.5,wz,1.875,126271741,0.1751609563863742,1.7702260738063704,1.8024252071026472,0.9465534025178286,0.0,0.05344659748217135,0.0,0.9645904583794207,0.009444089861061461,0.995,0.13602362709591587
psi<0.5,wz,3.125,58924461,0.11012328811262982,3.089161075239466,3.095158241338878,0.9846724205154683,0.0,0.01532757948453169,0.0,0.9961285623610496,0.0012658802545926905,0.995,0.036687374877521745
psi<0.5,wz,4.375,38532559,0.09910876639609739,4.348815682348851,4.3496240372684705,0.9902355734421661,0.0,0.009764426557833859,0.0,0.9996283449795095,0.0005191832837728009,0.995,-0.0032379161847435564
psi<0.5,wz,5.625,27232151,0.1025690091971784,5.60738856776204,5.608269773603779,0.9917773082063207,0.0,0.008222691793679229,0.0,0.9996857723871824,0.00033448336840781294,0.995,-0.00055385927485773
psi<0.5,wz,6.875,19066178,0.10236052355106096,6.839131858814123,6.841401252303695,0.992938848382929,0.0,0.007061151617071023,0.0,0.9993366805979412,0.0002238591608615206,0.995,0.014690826987174974
psi<0.5,wz,8.125,13005065,0.10148104378019762,8.088043825346492,8.089485178415249,0.9938299042999252,0.0,0.006170095700074842,0.0,0.9996436795099756,0.0001573722244992245,0.995,0.007930918874367093
psi<0.5,wz,9.375,9745947,0.10196396267194337,9.361468895988718,9.36260637758275,0.9945409131146202,0.0,0.005459086885379828,0.0,0.9997570307987506,0.00011860414859774758,0.995,0.005710461248889395
psi<0.5,wz,10.625,7942309,0.09775345352018248,10.601893322468433,10.603742653555354,0.9951251722449883,0.0,0.004874827755011755,0.0,0.9996512231799056,8.498570093921879e-05,0.995,0.014309781206307328
psi<0.5,wz,11.875,5696666,0.09843413857712818,11.8452644392883,11.847050736893468,0.9953809722309486,0.0,0.004619027769051378,0.0,0.9996984628535973,6.903526451817206e-05,0.995,0.013993503733128127
psi<0.5,wz,13.125,3910429,0.10401470351639126,13.087921259208146,13.089927532263953,0.9952725443825525,0.0,0.004727455617447518,0.0,0.9996934865679479,6.314151332688717e-05,0.995,0.01531614770396957
psi<0.5,wz,14.375,2810509,0.10507151361845816,14.3544704519444,14.357235977749559,0.9956291892186914,0.0,0.004370810781308545,0.0,0.9996147922262637,5.355848701138518e-05,0.995,0.022663061893513286
psi<0.5,wz,15.625,2398379,0.10157373956715457,15.610872908442166,15.614066632409529,0.9960684553277064,0.0,0.003931544672293736,0.0,0.9995909589195355,4.2318554709145984e-05,0.995,0.028192333113396726
psi<0.5,wz,16.875,1981103,0.1009989909079874,16.850268263589218,16.852381000584057,0.9961588165333898,0.0,0.003841183466610233,0.0,0.9997492811774511,3.59179491397703e-05,0.995,0.017922753485288014
psi<0.5,wz,18.125,1346958,0.11038589269980398,18.067481705145628,18.07218843363801,0.9958298967227639,0.0,0.0041701032772361365,0.0,0.9994791869730141,3.730831680520675e-05,0.995,0.039589590369871606
psi<0.5,wz,19.375,1729328,0.11811014775690797,20.22070334242763,20.22737426163598,0.9955715429210269,0.0,0.004428457078973161,0.0,0.9993405155707462,3.409536980837312e-05,0.995,0.05356928300030931
0.5<=psi<2,wz,0.625,42981651,0.9783499915182584,1.189411590315647,0.7156136953737451,0.518060386675088,0.0,0.4819396133249119,0.0,2.762530270078502,1.8690942618699062,0.495,-0.7991012695597999
0.5<=psi<2,wz,1.875,36795642,1.0161871626329217,2.0283883609586306,1.8775242691475318,0.6516535983308304,0.0,0.3483464016691697,0.0,1.1671618959438574,0.29293838944593864,0.685,-0.3934312129755354
0.5<=psi<2,wz,3.125,23891767,1.1464786378121847,3.0435786221997367,3.0889598348072558,0.7244612769644997,0.0,0.27553872303550025,0.0,0.970832993795333,0.13775501278448773,0.755,-0.14846561973901565
0.5<=psi<2,wz,4.375,14186920,1.303170066797236,4.127250485487132,4.339544316921506,0.7603763300714528,0.0,0.23962366992854714,0.0,0.904551709626722,0.09018076933539018,0.775,0.009221522192428312
0.5<=psi<2,wz,5.625,8721092,1.403030742036157,5.13038586280419,5.5820239368012805,0.788077667761505,0.0,0.21192233223849502,0.0,0.8447275749753914,0.06317583417587212,0.795,0.19933324200118466
0.5<=psi<2,wz,6.875,5380413,1.4549612490732122,6.106005828841064,6.835492246480976,0.8129055736156054,0.0,0.18709442638439455,0.0,0.7979484566095626,0.04530678685500148,0.795,0.41218670047126577
0.5<=psi<2,wz,8.125,3249085,1.4545110490032425,7.088803733409221,8.079466212225736,0.8375749180266655,0.0,0.16242508197333455,0.0,0.7698047142276513,0.0324092298670642,0.815,0.6260961536999422
0.5<=psi<2,wz,9.375,1877705,1.416713782640152,8.420728133332588,9.327296976294608,0.8658776719601445,0.0,0.1341223280398556,0.0,0.8150564395569987,0.023070267415842047,0.885,0.5902351241900544
0.5<=psi<2,wz,10.625,1110434,1.2933763963989509,9.903592528546156,10.571602094001504,0.894684064057666,0.0,0.10531593594233399,0.0,0.8776147432513343,0.01496815409009993,0.925,0.4686054772320429
0.5<=psi<2,wz,11.875,601432,0.9450723898094285,11.609545239851458,11.831121572784946,0.9299628545422258,0.0,0.07003714545777422,0.0,0.9628942257276313,0.006380846788889298,0.935,0.19598932685246412
0.5<=psi<2,wz,13.125,436355,0.8009067629360256,13.050581389017749,13.108630697200475,0.9435866099326377,0.0,0.05641339006736237,0.0,0.9911629553306749,0.0037329250039395945,0.945,0.04195596251736704
0.5<=psi<2,wz,14.375,355483,0.8026770063994713,14.267347570228097,14.353945883699843,0.9480848296301007,0.0,0.051915170369899316,0.0,0.9879702644180235,0.0031270803136153793,0.945,0.08008443328011848
0.5<=psi<2,wz,15.625,257596,0.8170861090562649,15.460991030786166,15.586154391516141,0.9510827793766791,0.0,0.04891722062332091,0.0,0.9840036483096628,0.0027482593031948922,0.955,0.1273785042011675
0.5<=psi<2,wz,16.875,163611,0.8319397725470781,16.59663619615307,16.833980982217554,0.9534670211545894,0.0,0.04653297884541051,0.0,0.9720004903530132,0.002442362424751089,0.955,0.2622672618769722
0.5<=psi<2,wz,18.125,118905,0.8134430071153775,17.80185123506228,18.06254984690386,0.9576603326537211,0.0,0.04233966734627893,0.0,0.971342111795139,0.002028131651600276,0.955,0.29998740435731225
0.5<=psi<2,wz,19.375,151785,0.8512730257231739,20.24153963251227,20.516994161083556,0.9605290056836558,0.0,0.03947099431634423,0.0,0.9733288955767334,0.0017215128728104282,0.955,0.30475335746723503
psi>=2,wz,0.625,10272429,2.9346391115664456,3.0199078725481323,0.7222272182626908,0.4998146385950308,0.0,0.5001853614049692,0.0,17.483955223751142,16.510556044167437,0.495,-0.9709816252053721
psi>=2,wz,1.875,10356607,2.931056544069115,3.4793383404869918,1.9101804220677898,0.49880797136047544,0.0,0.5011920286395246,0.0,3.317756788684258,2.3545049845379653,0.395,-0.8358437339422381
psi>=2,wz,3.125,10425086,2.927817107611505,4.25139678383792,3.1463117307664157,0.5321291994906007,0.0,0.4678708005093993,0.0,1.8258276526299502,0.8659331965816638,0.395,-0.6727239505990618
psi>=2,wz,4.375,10465107,2.92520770805175,5.205140909975418,4.390220457281504,0.6000186681946655,0.0,0.39998133180533446,0.0,1.4056989602837213,0.4439568487172171,0.545,-0.5377699039747611
psi>=2,wz,5.625,10203430,2.9370002166756026,6.200451174770103,5.628484825071772,0.6549398230106639,0.0,0.34506017698933605,0.0,1.2135665154901472,0.27228577809912563,0.625,-0.4226004839759968
psi>=2,wz,6.875,9333251,2.985429376145052,7.102557791805173,6.874148061452293,0.6882010158943065,0.0,0.31179898410569346,0.0,1.0675587588211202,0.1886148313161733,0.675,-0.2854437546000766
psi>=2,wz,8.125,8369810,3.0519756285238526,7.94432713422357,8.124815216865569,0.7111718192425069,0.0,0.28882818075749306,0.0,0.9560646344405456,0.14110263933485748,0.705,-0.13227532179812823
psi>=2,wz,9.375,7556342,3.08804606570405,8.795506142980145,9.364121045469657,0.7328003164940872,0.0,0.26719968350591283,0.0,0.8822418082829822,0.10875106096561254,0.745,0.01453938052125162
psi>=2,wz,10.625,5967650,3.1847545049724646,9.572650801184341,10.600708370323321,0.745419135461042,0.0,0.254580864538958,0.0,0.8154449719423608,0.09025726039231181,0.765,0.17379329326474957
psi>=2,wz,11.875,4485139,3.3518626187465337,10.657204625493533,11.851077503185984,0.7562945172949469,0.0,0.24370548270505316,0.0,0.8086692563162817,0.07999387656827656,0.745,0.21887449793520344
psi>=2,wz,13.125,3310863,3.4493607765370786,11.298620927195081,13.099968188775422,0.762683373604513,0.0,0.23731662639548698,0.0,0.7438928667108304,0.06933248384175819,0.765,0.4112106534575608
psi>=2,wz,14.375,2506664,3.4593270261260973,11.405541065857337,14.349734472685748,0.766968661869364,0.0,0.23303133813063598,0.0,0.6317482610333652,0.05811597251461281,0.775,0.8092860905705092
psi>=2,wz,15.625,1797424,3.5610779994439223,12.075016035671235,15.586155319466197,0.7732059813874405,0.0,0.22679401861255954,0.0,0.6002019924759632,0.05220173925101442,0.755,0.981869809871247
psi>=2,wz,16.875,1216229,3.7504697048964815,13.10935008809498,16.84211885048299,0.7781068736671563,0.0,0.22189312633284375,0.0,0.6058552388941342,0.049588145630882846,0.775,0.9939332729460543
psi>=2,wz,18.125,947843,3.880974159342755,14.237407072664864,18.114465987384254,0.7858538486966614,0.0,0.2141461513033385,0.0,0.6177471262134143,0.045901875529945596,0.785,0.9987163113084876
psi>=2,wz,19.375,1513326,3.9089861660652363,16.16993604376451,20.073771953581446,0.8050898988853338,0.0,0.19491010111466633,0.0,0.6488713996868958,0.037920171669321226,0.805,0.9983641589687913
