controller,finalized,trajectory,mode,seed,ok,tracking,ce,chatter,est_nrmse_vx,est_nrmse_vy,est_nrmse_psidot,est_nrmse_psi,est_nrmse_X,est_nrmse_Y,abs_rms_vx,abs_rms_vy,abs_rms_w,abs_max_vx,abs_max_vy,abs_max_w
asmc,true,octagon,velocity,1,true,23.736526390347546,46.01837462171783,0.22056956749355133,0.035682214954336405,0.07500186725415264,1.0259917426866596,4.668263025715338,1.0000331573267787,1.1196845424005453,0.0126371534361069,0.024191296948423938,0.03438112878651179,0.07226229199880584,0.08167871206277966,0.09539329438988288
asmc,true,octagon,velocity,2,true,27.937172618798655,46.14206458693096,0.2058970079270583,0.03390182072338903,0.0765386836716855,1.0098423213822791,2.0530274110886304,1.000006885144918,1.0527881566853814,0.012010510090871066,0.024571196404774478,0.047229811360750426,0.07025954722858416,0.07916674010805913,0.09601111385735292
asmc,true,octagon,velocity,3,true,23.145037880950156,46.256727364957776,0.2111669435954842,0.03577267064197637,0.07924530272675837,1.0052213166548387,4.174189457429768,0.9998606196655514,1.1277509896926525,0.012623539794027217,0.024857299078333932,0.031954274770489316,0.07448908971957137,0.08096965129842781,0.08824858395194447
asmc,true,octagon,velocity,4,true,25.73545857445122,46.24460203195699,0.21215140642460925,0.036173449707387256,0.07940437955554334,1.026040738360025,4.016251556435424,1.0001014524351624,1.1242139691214519,0.01281403890148894,0.024804245676222463,0.039588091145642254,0.07598470926715656,0.08076085286218448,0.11415045596803262
asmc,true,octagon,velocity,5,true,21.05501201668187,46.016771029615406,0.22034473465006052,0.0345151320176897,0.07454496467467872,1.011749449147078,17.186792543822175,0.9996793231640448,1.0952091239218413,0.012149993483864516,0.024022638835555814,0.026992403730625284,0.06839236350157868,0.07992183707413403,0.09525415305613005
asmc,true,octagon,velocity,6,true,31.323359692352795,46.06488847098414,0.20886785314298562,0.033483519475873476,0.07456223031298238,1.0156661960266564,1.7207927161062015,1.0001940843478103,1.066731907528438,0.011860234151167007,0.024443290853962865,0.057666554071928514,0.06753013639338691,0.07933885297748311,0.1340100387006941
asmc,true,octagon,velocity,7,true,41.58448596132177,46.41178587943968,0.2055787795762852,0.034213526110079745,0.07648311360778089,1.0231393331317966,1.3513919114719735,1.0009707004551645,1.051488136848504,0.012007181305739334,0.024630598793119414,0.08811567778510655,0.07002151394041765,0.07762172479323604,0.2140170973724482
asmc,true,octagon,velocity,8,true,19.163877547134483,46.00826351515746,0.216781286168679,0.03533292381924884,0.07614149011526852,1.0194830448904815,14.978595499470925,0.9996573498929908,1.1102285055352221,0.012437300556638707,0.024366838011403463,0.02068749407336128,0.06926294363971078,0.08045372213255664,0.06866245297734494
asmc,true,octagon,velocity,9,true,20.26935452964486,46.0498181129445,0.20835316405835147,0.035764672437549355,0.07488205738577663,0.987769620631363,10.868079426627688,0.9995031899443236,1.117183511956362,0.012546888198147275,0.024224741456944962,0.02403643393384235,0.06982548544521405,0.08080342767950888,0.07002321587565699
asmc,true,octagon,velocity,10,true,23.95133456455157,46.09224615503871,0.21327471678688065,0.03545448614330835,0.07573624708362035,1.0271615340127271,8.36392628429993,1.0000094306804006,1.0937786821407502,0.012535311844531443,0.024183155827995937,0.035135536021127324,0.0729047937820394,0.07891323911652925,0.1210030203957949
asmc,true,spin_creep,velocity,1,true,13.447344122451346,46.01477778987013,0.22639668605540197,0.33033825790148036,0.0847535379517417,0.0131109197859657,0.1701526179208832,3.592167477692118,3.666114242104075,0.019461339289510077,0.002367900109227338,0.01851279296861662,0.029482143537016725,0.005605418757997059,0.0621876420117895
asmc,true,spin_creep,velocity,2,true,22.28837303876003,45.254739032925436,0.22628990065298912,0.3407547567193908,0.08993456944734382,0.0322355103389913,0.173406296672005,3.7787474058715085,1.2952142732056442,0.02030214941281919,0.0026532404198090108,0.0439097292836519,0.033896979394430815,0.006330452949861932,0.10441320884746474
asmc,true,spin_creep,velocity,3,true,23.1140182665271,46.85504349198563,0.2206841021254483,0.40273772113067524,0.1064312460976597,0.02825139323598639,0.16898870598199142,3.653877571059146,1.933332874761041,0.025675301425101573,0.0036868108689433366,0.0399799425055364,0.042057871304807384,0.010910998066271932,0.0895659664732249
asmc,true,spin_creep,velocity,4,true,16.668730013949226,46.326901538499165,0.22874210044045806,0.3242472199530235,0.08250176236089635,0.020306032491778682,0.16941773317776945,3.6226123868086533,3.0123223216372215,0.018896992586264955,0.0023715264316727905,0.028737671023909925,0.03196775731946254,0.006025336004390215,0.09180966474155339
asmc,true,spin_creep,velocity,5,true,12.934258850322236,45.8560091667792,0.22697124810340827,0.37775899591797935,0.08980898134838496,0.008544840722503015,0.1698939964479245,3.622004683913979,2.4935369016543074,0.023540378231028843,0.0025338377544908966,0.012728560565446963,0.039263195452922436,0.009563879834150088,0.03882751436264403
asmc,true,spin_creep,velocity,6,true,24.86109901009779,45.00487130162433,0.22529215054591764,0.34401123290706426,0.08653166067235302,0.03810643558630017,0.1751041987255613,3.8349585518537825,1.3679536514337376,0.020522763062198735,0.002436844475769033,0.0516236894923256,0.03501831071991436,0.007201270724850221,0.11656969705160436
asmc,true,spin_creep,velocity,7,true,29.479755259462067,45.290916863503206,0.22523146518334478,0.3669658376847356,0.08384406686040759,0.046743815204221696,0.17819823723505698,4.068252068102484,0.5673079189676746,0.02264949766402101,0.002018302430754121,0.06377146568361107,0.03533457659942506,0.00858402641546516,0.12600328227876822
asmc,true,spin_creep,velocity,8,true,12.182940681192894,45.82939515917564,0.22737563704074648,0.34669299418638866,0.09273355799066112,0.009035697049974119,0.170027588184719,3.6297655335149277,3.499946775507365,0.02073295683687622,0.0028138841180619374,0.013001981088640525,0.035925169018159175,0.008701012721784177,0.058299079649466456
asmc,true,spin_creep,velocity,9,true,13.736281347249554,46.08641142376745,0.2269228434241788,0.34091172346243,0.08802695392811453,0.0127647061724114,0.16982082758536235,3.629460739890038,3.3658637378484255,0.020257748457531047,0.0026380450276340074,0.018313050556583606,0.0353224870560304,0.008076027081153788,0.05509600176686957
asmc,true,spin_creep,velocity,10,true,12.149440438187739,45.518096995510106,0.22725018557786286,0.34311091816572803,0.09258183979694422,0.009103744163426755,0.17102442121590525,3.6377296662860803,3.5955635525078247,0.020442720929125604,0.002820108791333268,0.013185491594104343,0.03493245186403397,0.0066716903167648315,0.054671909309028655
asmc,true,spiral_orbit,velocity,1,true,63.107766321925986,50.99574019363496,0.12324292945623563,0.04081060236306344,0.10687433604785042,0.008318489453409246,0.27980927171250536,1.3894408273292247,1.046728545648089,0.13314321243929797,0.006748510221821254,0.04943157630465874,0.2570704826404179,0.016424595850326597,0.20008802453762442
asmc,true,spiral_orbit,velocity,2,true,64.03766776265198,51.33492320289173,0.12247725325859043,0.04652124730591331,0.10377075149724084,0.00865644302555063,0.27835233030259193,1.3957122025234245,1.0666307689181507,0.13962851403695112,0.006475979282003982,0.046008509969000834,0.26632566268959257,0.015134034084972312,0.20213429576371844
asmc,true,spiral_orbit,velocity,3,true,63.16637734950306,51.273528756088055,0.12508076943667193,0.04804650622229002,0.10139804323653795,0.008022051333997512,0.27829251296944113,1.4019344003717311,1.0401464869580277,0.1378263680508256,0.006453277074808123,0.045219486922875446,0.26373680724554116,0.015034370103011183,0.1966260930228978
asmc,true,spiral_orbit,velocity,4,true,63.65567224722469,51.07543401093656,0.12555987983517894,0.047667128805942795,0.11333011134000269,0.008030987236122352,0.27942851666274277,1.3992255982636363,1.041133950487707,0.13471175081691683,0.006934141106680656,0.04932112481807658,0.25857176266920534,0.016072293003721018,0.20198061501066578
asmc,true,spiral_orbit,velocity,5,true,64.58380835492963,51.10725959956415,0.1230836156836743,0.04720498655554535,0.11200957871595163,0.007369112462233742,0.2801868275919683,1.3895659871712507,1.0277455629862742,0.13692600311662684,0.006808151497480232,0.050017270450681814,0.2644769289878365,0.015553335889884903,0.2094733398469919
asmc,true,spiral_orbit,velocity,6,true,63.48707954577486,51.37590410460446,0.1255511679008661,0.043447754634905286,0.13276687191460848,0.009808462846251262,0.2777580217209973,1.3854324883994342,1.0723053777375982,0.13989007901939804,0.007540235853728597,0.043030923764197954,0.2667718065118534,0.018588704005540104,0.19366071194704482
asmc,true,spiral_orbit,velocity,7,true,66.89024076232171,51.93586045083031,0.12289261320311712,0.040820827156385214,0.11998277333883701,0.026308826329384645,0.27454580832731074,1.3994605720239988,1.0422848873783719,0.14930287070786313,0.007045607607778104,0.0443222439713239,0.284453666064729,0.016149016876331312,0.18362523477681325
asmc,true,spiral_orbit,velocity,8,true,63.87152402456929,50.983029641976614,0.12803691495567449,0.040545275690759636,0.10114069750808295,0.0063064835991535955,0.28027557800412534,1.3884570988333842,1.0777463993796546,0.13394232166426634,0.006565246664874713,0.05110700374456683,0.25752446748866614,0.015683847903612342,0.21097497057931935
asmc,true,spiral_orbit,velocity,9,true,63.75950275242539,50.99144531748577,0.12890258081967293,0.04280595715227217,0.08735421863309877,0.006873523836729633,0.2804226537934028,1.3933228390570276,1.0565113278061544,0.13365052097019114,0.005888545772052336,0.05173944151503269,0.25628419174913064,0.014740035238269607,0.2092176001559869
asmc,true,spiral_orbit,velocity,10,true,64.4400630782092,50.959448113084854,0.1251492991227389,0.04444617637226978,0.12265912264874858,0.009038848077663059,0.2807305010208395,1.3833263834946488,1.055575688525319,0.13473827446658818,0.007216103724757804,0.05136581104328164,0.2602618487755939,0.016740996246418043,0.2086840887721828
pid,true,octagon,velocity,1,true,34.99167707380284,44.44774376928218,0.7317691735358781,0.041261945351260654,0.08166936705870406,0.8898927179500717,4.910065384818619,0.9971977780792625,1.1131478491963203,0.024410989056947698,0.04113188656472652,0.03943215559973432,0.0919446845979778,0.11320229105140034,0.15448619310985437
pid,true,octagon,velocity,2,true,39.27522621809749,44.06491551803464,0.7365366830107954,0.035303920587670574,0.07030798479817613,0.9230422930483029,2.135643128879455,1.0018269214159619,1.0509924720749584,0.023976275645531824,0.041574531378171034,0.05227487163058961,0.06990375983526312,0.11282127285059557,0.1652283172972791
pid,true,octagon,velocity,3,true,33.63362870390323,44.39743224374244,0.7418311469216583,0.03868713507052577,0.07162322006331855,0.8622228787672204,4.2068435619312385,0.9961200240526707,1.1254616677574796,0.024721737769029608,0.039241351721468115,0.03693779662121196,0.06608400073656118,0.10645926678714956,0.1426595878688376
pid,true,octagon,velocity,4,true,36.507613072975495,44.22349094050179,0.7378103476308863,0.038651648282298535,0.07140155389588719,0.906963475473464,4.044114865331543,0.9992826003636333,1.118145168118165,0.02376249745772529,0.04113870974196695,0.04462163201923424,0.09458708893329147,0.12004120824844683,0.1531026660718278
pid,true,octagon,velocity,5,true,34.665110699872294,43.700540783655,0.7422866423698475,0.03977573471129277,0.07898901070082122,0.8126212909347138,18.189821717812137,0.9956363797260326,1.1001890922045878,0.02544168867522012,0.04447169983476447,0.03408194358963228,0.07721365204066957,0.12518372957277935,0.14572628593495213
pid,true,octagon,velocity,6,true,42.133136111911654,44.33197935405814,0.734122733808367,0.033417969208258305,0.06555817704968242,0.9539812898877508,1.7784010307645903,1.0048858481195966,1.052058693656232,0.024449748040213052,0.03924565555327567,0.06270400474224624,0.06879244567074425,0.10329143655980982,0.18214503735695223
pid,true,octagon,velocity,7,true,53.640520843130076,44.1953404119013,0.7326143864461019,0.03920510736450397,0.08023332400807275,0.9832822205175182,1.4043788850418917,1.0099906749930847,1.0416062085680642,0.02402646993056563,0.04421029046980483,0.09268480212901978,0.08099283184704581,0.12341433070485647,0.2879632434314172
pid,true,octagon,velocity,8,true,31.543013745131287,44.345532505918975,0.7380005170831317,0.03435944978098413,0.08330181548084549,0.7346698307085632,15.551813998408367,0.9979462189943629,1.1061170411142605,0.02391244730213103,0.04192664365663857,0.028789950276624274,0.06671089489256725,0.10394480689527763,0.10705311518650032
pid,true,octagon,velocity,9,true,32.06731962229878,43.82361095361086,0.7369203685033041,0.03597223733881844,0.06975699969050209,0.7724239930379311,11.008768081458511,0.9967672056254352,1.119280922940385,0.02437652445632297,0.04134933095006204,0.03047610346051134,0.06951424833718917,0.1063120601388029,0.12503781148995904
pid,true,octagon,velocity,10,true,34.12554679764228,44.33987292954066,0.7343432108792042,0.03373868857358673,0.06757770894002478,0.892771633336867,8.36625157207145,1.001473604705982,1.0772980490855761,0.02305513043524554,0.038628785272959765,0.04069272468472154,0.0652639111579223,0.10536865887679014,0.13328468855320225
pid,true,spin_creep,velocity,1,true,27.722120483456553,44.84156984214005,0.7421754083133006,0.37771676179593733,0.23694170626420463,0.013544641880154504,0.17524297533509892,3.968306465898227,4.761128956003719,0.023873653329315084,0.00843370436465398,0.0508590037564006,0.054026982639801324,0.03491535753229779,0.12858717378835913
pid,true,spin_creep,velocity,2,true,34.56996281432735,43.873058135611004,0.7454349304381945,0.31657612686129466,0.1882885301685562,0.03344007105443344,0.17932487178442497,4.298021256940268,3.141759452095001,0.016581166631771727,0.006044950202404976,0.08108377160880535,0.04467249062691904,0.0203585765075251,0.20946294471206617
pid,true,spin_creep,velocity,3,true,27.030828117158574,45.35372805556675,0.7451670856558648,0.35229775720935375,0.20260831669285512,0.029086629028974034,0.17230790590028547,3.9125730841830615,4.136345594402442,0.020156461384232535,0.007497328440131544,0.053438694527111634,0.05216791618588283,0.02284937099993285,0.16823719909195767
pid,true,spin_creep,velocity,4,true,22.815651251686287,44.943157865701124,0.7454572241495148,0.2932694305375879,0.19719274514196458,0.02086236330224926,0.17329762799168782,4.366878277740471,4.001239290378768,0.01616893052123082,0.006468627111647818,0.04580939612218022,0.039560399266178936,0.019916372935903717,0.15989510568136334
pid,true,spin_creep,velocity,5,true,30.627020806222287,44.45698329207086,0.7454867381957314,0.36738205015223796,0.2010387874297915,0.008855272666439307,0.17495354150875245,4.182438678488109,3.8995445291315565,0.021412236551253978,0.0057811775578528,0.06468764830956007,0.05691407205707104,0.022830477438096426,0.17000090852834115
pid,true,spin_creep,velocity,6,true,39.87238162697396,43.67128180197806,0.7473371917077598,0.33341551400583486,0.2573321135273517,0.039493664611868845,0.18078348557331328,4.3971054736474695,2.249955915427852,0.018184212543662547,0.010253088193669106,0.09117984414359023,0.05304216423521446,0.029604268383076792,0.2361768133080151
pid,true,spin_creep,velocity,7,true,42.55035359531831,44.13230760476127,0.7510351333418475,0.395559209930293,0.19306579593189482,0.04836551588536971,0.1833973696828905,4.16764955143052,1.042582436245101,0.02687916798501078,0.00562118029502681,0.09515071250591736,0.06048703594364782,0.02672207515207909,0.20935124805435712
pid,true,spin_creep,velocity,8,true,26.972350140246117,44.463171359704006,0.7438514155080168,0.3126176806147462,0.2137627243798214,0.009298677119760743,0.17592132414072828,4.028123659250046,4.886286931351373,0.017194890468452753,0.00684865252198828,0.05687350743029731,0.04800528352539697,0.028628848570577858,0.16925635569268893
pid,true,spin_creep,velocity,9,true,24.847297419773113,44.65017440326146,0.7446443899602566,0.3017725557058764,0.19144620496714912,0.013111182925616692,0.1745192482176519,4.217270714669096,4.712382967187479,0.015924152952267245,0.005916981266213392,0.0527007580408387,0.048494981644048626,0.02611264848912535,0.13059731339479708
pid,true,spin_creep,velocity,10,true,28.737635642978162,44.070628500256326,0.7520754244149648,0.27653917065704026,0.20341857863984425,0.009579987324232321,0.176636230100924,4.28380179586641,4.556116948619824,0.01369626563582698,0.00644208946459198,0.06607455182851553,0.034023598222740425,0.02500836128902719,0.1584028525021144
pid,true,spiral_orbit,velocity,1,true,79.06491511148357,47.34372884721501,0.6063483902266987,0.0366986618618622,0.19020519409276287,0.008964020381084422,0.2916373733495352,1.3965638941755099,1.0268550959587517,0.08681963945566493,0.006471311329430893,0.1439037945493549,0.17543653582107172,0.020211415097157483,0.29198055654813815
pid,true,spiral_orbit,velocity,2,true,75.70794309336536,47.926095784702504,0.6051174418601281,0.028566484879613885,0.18892536655966755,0.009741743893982769,0.290571800684937,1.392065317773776,1.0137348485063757,0.09345299545092094,0.005834302273752989,0.12783653155542216,0.19080860139456637,0.01858214963030198,0.2585260807182126
pid,true,spiral_orbit,velocity,3,true,75.67634562259909,47.707835624105805,0.6029074727733394,0.025848198578188507,0.19470611934213117,0.008968245637137273,0.2906429837672787,1.4195687936753079,0.9485471344016071,0.09300341624521949,0.005630662159003287,0.1283949584635745,0.18386042266549993,0.021670866554859256,0.25805096577479203
pid,true,spiral_orbit,velocity,4,true,77.23221780344902,47.579108664691816,0.6015067907536873,0.025371398887721025,0.1878461264064273,0.008746924173085105,0.2919189162610211,1.410788939483805,1.0096547946319245,0.09005301553763159,0.005321924479617305,0.13632171339309812,0.18005804954673943,0.018299457713522614,0.27966348215037495
pid,true,spiral_orbit,velocity,5,true,76.6037695367776,47.56628571225993,0.6066913430511464,0.027046762598380552,0.19079651194648944,0.007957857102083748,0.2915512334317277,1.4079659630791603,0.9866355415585479,0.09281326577056602,0.005396592730120219,0.13160145010964658,0.190034282456555,0.018346689845873666,0.26034518692290054
pid,true,spiral_orbit,velocity,6,true,77.34992529348166,47.68286172767436,0.6050360472811674,0.04006946722800756,0.1960816310743145,0.010941286756970122,0.2914331624120666,1.3830684059364868,1.1105976068295225,0.09124370680816286,0.006640817183912594,0.13416525188836953,0.18629066515914244,0.020500708631650637,0.28198635133704353
pid,true,spiral_orbit,velocity,7,true,75.51875424870853,47.90066054331701,0.6088482938175127,0.056641468092118674,0.22777876512881803,0.02924493913379681,0.2932450318374949,1.4057429251623472,0.9964564737606566,0.09616331560815439,0.00759812143903665,0.12279482569893455,0.20058536582043496,0.027757399866546406,0.2708895796168791
pid,true,spiral_orbit,velocity,8,true,79.96221219905475,47.17538099992322,0.6063537145873997,0.04929715891428179,0.2092180237780983,0.006792322294580159,0.2940033792343022,1.4065979463051077,1.0323684866393252,0.08620108733967294,0.006820548664973912,0.1468650005925174,0.17981666002447697,0.02113860540760083,0.29601095409032707
pid,true,spiral_orbit,velocity,9,true,80.6597230609867,47.33332500891106,0.6050720742984798,0.05983421922244564,0.21047524047521504,0.007434043673831092,0.2940142937228256,1.3945876573264258,1.0215543088532626,0.08490150676052904,0.007174391431751049,0.14990327099068004,0.17794932939902,0.02183347647874161,0.30559707811029435
pid,true,spiral_orbit,velocity,10,true,79.45313464210695,47.392039207111836,0.6115012177027354,0.033057520863184794,0.20293142113654133,0.009624883427428696,0.290598954897308,1.3860960637129456,1.0109744335928996,0.08771037322551535,0.007245781082582464,0.143403249618223,0.182655206080486,0.021094297367972022,0.2904730154187254
mpc,false,octagon,velocity,1,true,123.44858304872452,23.96451491171523,0.15329104927103632,0.009442686837124974,0.019869645474599483,2.5518077638664254,17.10270134449235,1.138832502970648,1.0576903596122889,0.173744693921039,0.18257496304491785,0.014026092180216746,0.2992361695295543,0.3180972459458238,0.041857074787133346
mpc,false,octagon,velocity,2,true,124.10262625592658,23.968594159384267,0.1477281121923722,0.00897394495565283,0.021311849122198707,3.00792094112663,9.409209117569688,1.0586478941614161,1.2265247568047735,0.17386594878505043,0.1825290963588825,0.015912833623846857,0.2992099434534754,0.31764252902004486,0.04638538988761933
mpc,false,octagon,velocity,3,true,122.69060458854665,23.975412952831242,0.1530054825555331,0.008685077083344452,0.020865890313365613,2.7173215285198267,16.492057608237072,1.2088611455069946,0.9543560024467143,0.1736847005279681,0.18249968490275878,0.011887428334912992,0.29922135070645933,0.317879064800055,0.03479340783570053
mpc,false,octagon,velocity,4,true,124.10920565544093,23.969848524637456,0.15273852106081934,0.00856666146420732,0.021314077462512255,2.5720699043766544,15.41426599578664,1.193259075127471,1.0109261891486812,0.17367007269924858,0.18269568498529373,0.015961859281780497,0.29911668065051134,0.31799578459549893,0.04813313376445702
mpc,false,octagon,velocity,5,true,121.31460912695441,23.974935452395094,0.1519978016240082,0.00941643103487105,0.019656546326190315,2.724867777589786,35.036277235095916,1.00327879596719,1.0864575682864386,0.17378450237767948,0.18233118518641478,0.00782813981676895,0.2990319492009431,0.3172492316313667,0.027563821925231966
mpc,false,octagon,velocity,6,true,125.14104661177167,23.961451962904285,0.14820480782775422,0.009771566155417676,0.021822036899435928,3.125547417552652,7.985545097637648,1.151657612620617,1.2878310607602825,0.17394887645834828,0.1826285445049111,0.018845718872055668,0.2991725468127824,0.3180766449320123,0.05401192486490849
mpc,false,octagon,velocity,7,true,127.10588792085842,24.01009773864382,0.1375037937967016,0.009082046473744353,0.02424905087352897,3.685930965926608,6.400346646732693,1.4127100084031092,1.1426729579593593,0.1738276115466187,0.18282857775342426,0.024661474462532293,0.2992070733989693,0.3168970771576975,0.06544284994842799
mpc,false,octagon,velocity,8,true,121.49843597081087,23.95376840643977,0.1517585890532709,0.009438018224336445,0.020825948098774912,2.095761855174504,33.855629820066234,1.0270828922894308,1.0808736835681456,0.17378106408902644,0.1825597960782419,0.008154447745164255,0.2991524187185586,0.3183298102219075,0.02382079167465148
mpc,false,octagon,velocity,9,true,122.0240785161618,23.95212606429657,0.15251240638841135,0.008948405694204804,0.020731913338143268,2.3634898095096455,32.792487329439716,1.0269133489702154,1.0640595900106133,0.17381702636541294,0.18260056002158123,0.009654649161491202,0.299184094210858,0.3174454126538723,0.03230621017227072
mpc,false,octagon,velocity,10,true,123.06448721241283,23.964189918486007,0.15126029815562747,0.00877021851986101,0.021749895322948357,2.868996209728772,32.562141605718836,1.0364366799247124,1.130006752050567,0.17382934435208947,0.18265498465905267,0.012709132626096365,0.29905837294895443,0.31724752511895604,0.04304515056278228
mpc,false,spin_creep,velocity,1,true,339.65748404702936,14.343109384312832,0.09067747125200969,0.04548947417373367,0.06040048292902663,0.04597044931485096,0.8544874662075305,29.135433261656594,1.3814501763742877,0.02750302834683506,0.001446871300956806,0.9900225524932962,0.03841429364470049,0.0045729865442169886,1.4406560189601567
mpc,false,spin_creep,velocity,2,true,342.1743137085322,14.105335572594495,0.09169120074202997,0.04416937163559562,0.043567771845428385,0.1146000565680129,0.8424609231572342,27.84772274704086,1.1987695368405027,0.027729597765752772,0.0012203586245934398,0.9975729847352504,0.0387228404443774,0.004103832059639656,1.4606515832426785
mpc,false,spin_creep,velocity,3,true,337.6205377116639,14.54454372523488,0.09491310368544614,0.03824092276459329,0.05000491677016857,0.09980886350028437,0.8409330367937706,29.736101560004634,1.4280518243061384,0.027592859615258793,0.0013906309844492076,0.9838781225352837,0.038667103448007105,0.004527737476734795,1.4342783037521871
mpc,false,spin_creep,velocity,4,true,338.6246652233727,14.434537641148008,0.09292494220426592,0.04095414998555699,0.06036885908948524,0.071504975671714,0.8490135455891367,29.5762076344914,1.4070935931866442,0.0275805585775824,0.0015254463052134337,0.9867679907873224,0.038298227758954986,0.004186725416244961,1.4394078922521825
mpc,false,spin_creep,velocity,5,true,340.5242540364466,14.261981224750398,0.09273272657261811,0.04507744994384068,0.046408223775985316,0.030476231304177086,0.8516563066556345,28.832587581772295,1.3237307784562085,0.02757266026863189,0.0012421504193253427,0.9927579514213827,0.03843449629143957,0.004125242404934949,1.4421849827821567
mpc,false,spin_creep,velocity,6,true,342.9350661987367,14.024961447730144,0.0944746031591514,0.045915127943580616,0.048052761481246216,0.13555943212841265,0.8446974744869385,27.61577858842706,1.1890102758148355,0.027692476421083478,0.0012183247686608529,0.9998943974064659,0.03814890796163583,0.004031261957853945,1.4642184641233245
mpc,false,spin_creep,velocity,7,true,342.2792922407595,14.089849448827847,0.10630888397998577,0.04149426413500951,0.04241499296190561,0.16613683665354104,0.8260566192218516,27.404188343502785,1.1150980766197616,0.02769828486879224,0.0013155369095399108,0.9978240549439463,0.03836092796557424,0.0043433912691164065,1.469988786012417
mpc,false,spin_creep,velocity,8,true,340.28657095366765,14.270948584094391,0.09032229186055951,0.04013000805613162,0.04531792533011192,0.03164648068165907,0.8547019920260398,28.906926916010566,1.3798599340200155,0.027691063204441316,0.0013187890381524258,0.9918498606184092,0.03799182228477506,0.0040671916885785895,1.4394172457891
mpc,false,spin_creep,velocity,9,true,339.544456772972,14.359081454648171,0.09339239717307483,0.04234977054181112,0.055828254468647615,0.044895432131169234,0.8526503641940227,29.106280008545824,1.3713671210499998,0.02756465557881324,0.0014049994309511802,0.9896637153091516,0.038114163254944516,0.004301276769329763,1.4401179623972005
mpc,false,spin_creep,velocity,10,true,341.3006241224425,14.18467163892579,0.09325770820891308,0.04977605613845304,0.04289425720005499,0.03257917383400841,0.8579598296691087,28.63583247960668,1.334498886430238,0.027525587941152656,0.0012679955816674796,0.9951082888445075,0.03841682943807184,0.004062763553354026,1.4466831442948505
mpc,false,spiral_orbit,velocity,1,true,369.16919792209075,19.96464969127075,0.1149498937298787,0.007989942756614278,0.056744470123087455,0.027805760945840852,0.6903843320069656,1.3127930107034451,1.3056266331774098,0.1790588106990218,0.011019883595069096,0.9174288994721814,0.19895290784601666,0.020104387862773902,1.4573438131987215
mpc,false,spiral_orbit,velocity,2,true,367.59354928901485,20.051295718835547,0.12873342365853896,0.007923698768290202,0.05730052451495226,0.028723290191561696,0.6930017083960714,1.239091464134226,1.307378916131852,0.17894906102141975,0.010982243791969484,0.9128493430536554,0.19890433770686192,0.01977692509003254,1.4486598573304545
mpc,false,spiral_orbit,velocity,3,true,367.68783570788656,20.034044161208037,0.12342592501799216,0.007870875170087728,0.06675185336140321,0.02641350796909384,0.6972407616019517,1.2379464285289787,1.3036142035265117,0.17903149794735615,0.010651987986489732,0.9133800211898138,0.19894230103867436,0.019439470194258048,1.455077813791096
mpc,false,spiral_orbit,velocity,4,true,368.74588815810074,19.99171706464203,0.11948317060225491,0.00828675912847948,0.060275660411099094,0.02670244118461902,0.6983569705541243,1.290519698982398,1.298892573161632,0.17896868288881534,0.010857551256912727,0.9164114303285741,0.1988622508749887,0.019670593225906412,1.4566526534193542
mpc,false,spiral_orbit,velocity,5,true,369.1320785478006,20.01058985957191,0.13457292983511424,0.009679052460860982,0.046777378221617025,0.024801197595580336,0.6888905208329575,1.2982006385408473,1.2903696282122494,0.17857627469430293,0.011752118071967476,0.9170678428771313,0.19888002225015566,0.021186631464999675,1.4558885328366644
mpc,false,spiral_orbit,velocity,6,true,367.6222104872786,20.04600622014188,0.12838024485107186,0.00795310086890617,0.06458480095212095,0.03255332767694097,0.6827016952493339,1.2457006521546814,1.3272467731289028,0.17902689648598047,0.010909175288693788,0.9129305596871617,0.1990056061505483,0.019981147872161778,1.4516950007736698
mpc,false,spiral_orbit,velocity,7,true,365.80358873759377,20.197513739831034,0.14099027174983614,0.007302935790501082,0.060271996049882835,0.08845951462287271,0.6908844260903715,1.0907389147660393,1.3132844839983087,0.17845694397331707,0.011319128598884443,0.9076346936405798,0.19881811018201204,0.02020733852759442,1.4368979920031115
mpc,false,spiral_orbit,velocity,8,true,369.2856839271046,19.9714470269914,0.12452368877868268,0.009429262364076842,0.05814202997491404,0.021070354418566514,0.6884314927109672,1.3184322675768663,1.307785573657253,0.1788280168941668,0.01129281090377509,0.917736223983372,0.1989017070406446,0.02076890048479333,1.4569458305818996
mpc,false,spiral_orbit,velocity,9,true,369.2414874133783,19.977708977946204,0.11955004098235779,0.009137532958836056,0.05458170986326642,0.02296408023587321,0.6928895798143756,1.3098509945019223,1.2933767657789368,0.1788515134207193,0.011224982546093264,0.9176479662733222,0.1989234315776447,0.02058451617580229,1.4583296824695635
mpc,false,spiral_orbit,velocity,10,true,369.61776633990127,19.98345298255043,0.12330971451526758,0.009402673415904915,0.04901000004870479,0.0305447307233193,0.6835954923822156,1.3312507141472794,1.2983288268528834,0.1788265359248957,0.011667739328606467,0.9183590237662017,0.19895281022361908,0.02149473814807587,1.4591399948222774
